id,Opponent,OpponentName,start,end,PersonId,"Time (seconds)",id,Name,icon,color,Gender,"Age Group","Favorite Activity","Height (inches)",zipCode,state,EVENT
43,None,None,"2019-08-22 18:09:25.983 +00:00","2019-08-22 18:09:28.599 +00:00",43,3.0,43,Unkown,cross,#0707D2,Unkown,Teen,Cooking,58,02349,MA,"Makevention 2019"
41,None,None,"2019-08-22 17:33:00.909 +00:00","2019-08-22 17:33:01.917 +00:00",41,1.0,41,Unkown,diamond,#0707D2,Unkown,Adult,Gaming,74,12784,NY,"Makevention 2019"
200,None,None,"2019-10-26 14:16:19.672 +00:00","2019-10-26 14:16:24.847 +00:00",200,5.0,200,Unkown,triangle-up,#D3D406,Unkown,Retired,Cooking,62,23113,VA,"Makevention 2019"
371,None,None,"2019-10-26 17:54:05.879 +00:00","2019-10-26 17:54:08.784 +00:00",371,3.0,371,Unkown,star,#D39827,Unkown,Kid,Other,50,33834,FL,"Makevention 2019"
42,None,None,"2019-08-22 17:34:53.707 +00:00","2019-08-22 17:35:03.371 +00:00",42,10.0,42,Unkown,star,#D3D406,Unkown,Retired,Sports,94,40826,KY,"Makevention 2019"
202,None,None,"2019-10-26 14:19:13.762 +00:00","2019-10-26 14:19:17.500 +00:00",202,4.0,202,Unkown,triangle-up,#D372D2,Unkown,Adult,Other,78,43333,OH,"Makevention 2019"
182,None,None,"2019-08-24 19:52:04.372 +00:00","2019-08-24 19:52:05.994 +00:00",182,2.0,182,Unkown,star,#55D4D2,Unkown,Adult,Gaming,67,45245,OH,"Makevention 2019"
197,None,None,"2019-10-26 14:13:36.913 +00:00","2019-10-26 14:13:40.673 +00:00",197,4.0,197,Unkown,star,#D372D2,Unkown,Kid,Sports,46,46040,IN,"Makevention 2019"
198,None,None,"2019-10-26 14:14:31.921 +00:00","2019-10-26 14:14:37.462 +00:00",198,6.0,198,Unkown,star,#D3D406,Unkown,Adult,Other,63,46040,IN,"Makevention 2019"
233,None,None,"2019-10-26 14:58:20.067 +00:00","2019-10-26 14:58:22.585 +00:00",233,3.0,233,Unkown,star,#0707D2,Unkown,Kid,Art,57,46052,IN,"Makevention 2019"
234,None,None,"2019-10-26 14:59:08.641 +00:00","2019-10-26 14:59:11.212 +00:00",234,3.0,234,Unkown,triangle-up,#8E1BCE,Unkown,Pre-Teen,Sports,57,46052,IN,"Makevention 2019"
315,None,None,"2019-10-26 16:49:03.277 +00:00","2019-10-26 16:49:14.241 +00:00",315,11.0,315,Unkown,star,#D372D2,Unkown,Teen,Sports,65,46077,IN,"Makevention 2019"
316,None,None,"2019-10-26 16:50:11.229 +00:00","2019-10-26 16:50:14.062 +00:00",316,3.0,316,Unkown,square,#55D4D2,Unkown,Teen,Cooking,65,46077,IN,"Makevention 2019"
280,None,None,"2019-10-26 15:53:10.829 +00:00","2019-10-26 15:53:13.759 +00:00",280,3.0,280,Unkown,cross,#D3D406,Unkown,Teen,Gaming,67,46112,IN,"Makevention 2019"
281,None,None,"2019-10-26 15:54:18.289 +00:00","2019-10-26 15:54:27.081 +00:00",281,9.0,281,Unkown,diamond,#55D4D2,Unkown,,Art,50,46112,IN,"Makevention 2019"
282,None,None,"2019-10-26 15:55:10.622 +00:00","2019-10-26 15:55:14.062 +00:00",282,3.0,282,Unkown,diamond,#55D4D2,Unkown,Kid,Art,50,46112,IN,"Makevention 2019"
189,None,None,"2019-10-26 13:41:07.840 +00:00","2019-10-26 13:41:10.852 +00:00",189,3.0,189,Unkown,diamond,#0707D2,Unkown,Teen,Other,70,46131,IN,"Makevention 2019"
262,None,None,"2019-10-26 15:33:10.057 +00:00","2019-10-26 15:33:12.454 +00:00",262,2.0,262,Unkown,square,#D3D406,Unkown,Teen,Sports,63,46143,IN,"Makevention 2019"
263,None,None,"2019-10-26 15:34:03.723 +00:00","2019-10-26 15:34:07.594 +00:00",263,4.0,263,Unkown,diamond,#D372D2,Unkown,Teen,Sports,59,46143,IN,"Makevention 2019"
264,None,None,"2019-10-26 15:35:05.640 +00:00","2019-10-26 15:35:07.399 +00:00",264,2.0,264,Unkown,star,#D372D2,Unkown,Teen,Sports,60,46143,IN,"Makevention 2019"
265,None,None,"2019-10-26 15:35:57.174 +00:00","2019-10-26 15:36:00.005 +00:00",265,3.0,265,Unkown,cross,#33820D,Unkown,Teen,Sports,61,46143,IN,"Makevention 2019"
310,None,None,"2019-10-26 16:37:39.594 +00:00","2019-10-26 16:37:42.529 +00:00",310,3.0,310,Unkown,square,#33820D,Unkown,Pre-Teen,Sports,55,46160,IN,"Makevention 2019"
311,None,None,"2019-10-26 16:38:47.213 +00:00","2019-10-26 16:38:50.585 +00:00",311,3.0,311,Unkown,diamond,#0707D2,Unkown,Kid,Gaming,51,46160,IN,"Makevention 2019"
286,None,None,"2019-10-26 16:00:42.305 +00:00","2019-10-26 16:00:45.115 +00:00",286,3.0,286,Unkown,triangle-up,#8E1BCE,Unkown,Pre-Teen,Gaming,56,46202,IN,"Makevention 2019"
287,None,None,"2019-10-26 16:01:36.088 +00:00","2019-10-26 16:01:38.801 +00:00",287,3.0,287,Unkown,diamond,#8E1BCE,Unkown,Kid,Other,50,46202,IN,"Makevention 2019"
288,None,None,"2019-10-26 16:02:52.920 +00:00","2019-10-26 16:02:57.355 +00:00",288,4.0,288,Unkown,diamond,#33820D,Unkown,Kid,Cooking,40,46202,IN,"Makevention 2019"
215,None,None,"2019-10-26 14:34:22.203 +00:00","2019-10-26 14:34:24.721 +00:00",215,3.0,215,Unkown,diamond,#D30706,Unkown,Pre-Teen,Gaming,60,46225,IN,"Makevention 2019"
297,None,None,"2019-10-26 16:20:32.087 +00:00","2019-10-26 16:20:34.439 +00:00",297,2.0,297,Unkown,triangle-up,#55D4D2,Unkown,Teen,Sports,68,46228,IN,"Makevention 2019"
303,None,None,"2019-10-26 16:27:42.366 +00:00","2019-10-26 16:27:44.260 +00:00",303,2.0,303,Unkown,star,#0707D2,Unkown,Teen,Sports,69,46228,IN,"Makevention 2019"
308,None,None,"2019-10-26 16:31:50.760 +00:00","2019-10-26 16:31:52.576 +00:00",308,2.0,308,Unkown,star,#D30706,Unkown,Teen,Sports,57,46228,IN,"Makevention 2019"
17,None,None,"2019-08-20 15:45:53.410 +00:00","2019-08-20 15:45:56.058 +00:00",17,3.0,17,Unkown,diamond,#0707D2,Unkown,Pre-Teen,Cooking,45,46253,IN,"Makevention 2019"
20,None,None,"2019-08-20 18:23:50.294 +00:00","2019-08-20 18:23:51.115 +00:00",20,1.0,20,Unkown,star,#8E1BCE,Unkown,Adult,Art,58,46254,IN,"Makevention 2019"
30,None,None,"2019-08-21 14:39:16.468 +00:00","2019-08-21 14:39:18.938 +00:00",30,2.0,30,Unkown,cross,#8E1BCE,Unkown,Retired,Art,71,46254,IN,"Makevention 2019"
302,None,None,"2019-10-26 16:27:02.227 +00:00","2019-10-26 16:27:04.680 +00:00",302,2.0,302,Unkown,star,#0707D2,Unkown,Teen,Sports,58,46260,IN,"Makevention 2019"
304,None,None,"2019-10-26 16:28:20.521 +00:00","2019-10-26 16:28:26.792 +00:00",304,6.0,304,Unkown,star,#D30706,Unkown,Teen,Art,49,46260,IN,"Makevention 2019"
305,None,None,"2019-10-26 16:29:04.005 +00:00","2019-10-26 16:29:06.092 +00:00",305,2.0,305,Unkown,star,#D30706,Unkown,Teen,Art,48,46260,IN,"Makevention 2019"
306,None,None,"2019-10-26 16:30:04.160 +00:00",,306,,306,Unkown,star,#D30706,Unkown,Teen,Cooking,51,46260,IN,"Makevention 2019"
307,None,None,"2019-10-26 16:31:10.926 +00:00","2019-10-26 16:31:19.321 +00:00",307,8.0,307,Unkown,star,#D30706,Unkown,Teen,Art,51,46260,IN,"Makevention 2019"
105,None,None,"2019-08-24 16:46:22.603 +00:00","2019-08-24 16:46:23.995 +00:00",105,1.0,105,Unkown,star,#55D4D2,Unkown,Pre-Teen,Cooking,66,47017,IN,"Makevention 2019"
28,None,None,"2019-08-21 14:08:40.545 +00:00","2019-08-21 14:08:43.923 +00:00",28,3.0,28,Unkown,cross,#0707D2,Unkown,Kid,Other,71,47041,IN,"Makevention 2019"
228,None,None,"2019-10-26 14:52:52.493 +00:00","2019-10-26 14:52:55.642 +00:00",228,3.0,228,Unkown,star,#D372D2,Unkown,Teen,Other,65,47126,IN,"Makevention 2019"
226,None,None,"2019-10-26 14:49:06.186 +00:00","2019-10-26 14:49:08.886 +00:00",226,3.0,226,Unkown,cross,#33820D,Unkown,Pre-Teen,,57,47170,IN,"Makevention 2019"
227,None,None,"2019-10-26 14:50:09.531 +00:00","2019-10-26 14:50:12.245 +00:00",227,3.0,227,Unkown,diamond,#D30706,Unkown,,,49,47170,IN,"Makevention 2019"
229,None,None,"2019-10-26 14:54:01.453 +00:00","2019-10-26 14:54:11.513 +00:00",229,10.0,229,Unkown,diamond,#55D4D2,Unkown,Teen,Sports,67,47172,IN,"Makevention 2019"
230,None,None,"2019-10-26 14:55:04.319 +00:00","2019-10-26 14:55:07.277 +00:00",230,3.0,230,Unkown,cross,#55D4D2,Unkown,Teen,Sports,68,47172,IN,"Makevention 2019"
188,None,None,"2019-10-26 13:40:05.651 +00:00","2019-10-26 13:40:08.738 +00:00",188,3.0,188,Unkown,triangle-up,#D372D2,Unkown,Teen,Sports,62,47201,IN,"Makevention 2019"
361,None,None,"2019-10-26 17:35:02.111 +00:00","2019-10-26 17:35:04.639 +00:00",361,3.0,361,Unkown,star,#D372D2,Unkown,Teen,Art,63,47201,IN,"Makevention 2019"
362,None,None,"2019-10-26 17:36:04.592 +00:00","2019-10-26 17:36:07.953 +00:00",362,3.0,362,Unkown,triangle-up,#0707D2,Unkown,Teen,Art,67,47201,IN,"Makevention 2019"
190,None,None,"2019-10-26 13:41:49.692 +00:00","2019-10-26 13:41:51.729 +00:00",190,2.0,190,Unkown,triangle-up,#33820D,Unkown,Teen,Other,74,47203,IN,"Makevention 2019"
239,None,None,"2019-10-26 15:07:19.490 +00:00","2019-10-26 15:07:21.747 +00:00",239,2.0,239,Unkown,diamond,#D3D406,Unkown,Kid,Sports,58,47232,IN,"Makevention 2019"
240,None,None,"2019-10-26 15:08:55.384 +00:00","2019-10-26 15:08:59.743 +00:00",240,4.0,240,Unkown,cross,#33820D,Unkown,Kid,Art,45,47232,IN,"Makevention 2019"
243,None,None,"2019-10-26 15:13:33.644 +00:00","2019-10-26 15:13:37.979 +00:00",243,4.0,243,Unkown,cross,#D30706,Unkown,Kid,Art,45,47232,IN,"Makevention 2019"
34,None,None,"2019-08-21 16:01:18.153 +00:00","2019-08-21 16:01:21.276 +00:00",34,3.0,34,Unkown,star,#33820D,Unkown,Adult,Gaming,62,47265,IN,"Makevention 2019"
110,None,None,"2019-08-24 17:16:10.090 +00:00","2019-08-24 17:16:14.769 +00:00",110,5.0,110,Unkown,triangle-up,#0707D2,Unkown,Retired,Art,60,47265,IN,"Makevention 2019"
123,None,None,"2019-08-24 17:38:15.739 +00:00","2019-08-24 17:38:22.948 +00:00",123,7.0,123,Unkown,star,#D3D406,Unkown,Teen,Gaming,57,47265,IN,"Makevention 2019"
124,None,None,"2019-08-24 17:39:11.197 +00:00","2019-08-24 17:39:13.633 +00:00",124,2.0,124,Unkown,star,#D3D406,Unkown,Teen,Gaming,57,47265,IN,"Makevention 2019"
125,None,None,"2019-08-24 17:40:09.354 +00:00","2019-08-24 17:40:11.471 +00:00",125,2.0,125,Unkown,diamond,#9B180F,Unkown,Teen,Gaming,57,47265,IN,"Makevention 2019"
137,None,None,"2019-08-24 18:07:44.167 +00:00","2019-08-24 18:07:48.348 +00:00",137,4.0,137,Unkown,cross,#33820D,Unkown,Kid,Cooking,36,47265,IN,"Makevention 2019"
138,None,None,"2019-08-24 18:09:15.481 +00:00","2019-08-24 18:09:17.854 +00:00",138,2.0,138,Unkown,star,#8E1BCE,Unkown,Adult,Sports,61,47265,IN,"Makevention 2019"
139,None,None,"2019-08-24 18:16:27.307 +00:00","2019-08-24 18:16:28.444 +00:00",139,1.0,139,Unkown,diamond,#D372D2,Unkown,Kid,Other,96,47265,IN,"Makevention 2019"
140,None,None,"2019-08-24 18:17:24.541 +00:00","2019-08-24 18:17:26.660 +00:00",140,2.0,140,Unkown,star,#D3D406,Unkown,Teen,Gaming,57,47265,IN,"Makevention 2019"
142,None,None,"2019-08-24 18:21:00.113 +00:00","2019-08-24 18:21:01.717 +00:00",142,2.0,142,Unkown,star,#D3D406,Unkown,Teen,Gaming,57,47265,IN,"Makevention 2019"
143,None,None,"2019-08-24 18:21:39.955 +00:00","2019-08-24 18:21:41.767 +00:00",143,2.0,143,Unkown,star,#D3D406,Unkown,Teen,Gaming,57,47265,IN,"Makevention 2019"
144,None,None,"2019-08-24 18:22:15.694 +00:00","2019-08-24 18:22:17.272 +00:00",144,2.0,144,Unkown,star,#D3D406,Unkown,Teen,Gaming,57,47265,IN,"Makevention 2019"
145,None,None,"2019-08-24 18:22:53.644 +00:00","2019-08-24 18:22:55.373 +00:00",145,2.0,145,Unkown,star,#D3D406,Unkown,,Gaming,57,47265,IN,"Makevention 2019"
146,None,None,"2019-08-24 18:24:04.601 +00:00","2019-08-24 18:24:11.184 +00:00",146,7.0,146,Unkown,star,#D3D406,Unkown,Adult,Gaming,57,47265,IN,"Makevention 2019"
148,None,None,"2019-08-24 18:26:34.935 +00:00","2019-08-24 18:26:36.714 +00:00",148,2.0,148,Unkown,star,#D3D406,Unkown,Teen,Gaming,57,47265,IN,"Makevention 2019"
149,None,None,"2019-08-24 18:27:32.078 +00:00","2019-08-24 18:27:33.653 +00:00",149,2.0,149,Unkown,cross,#8E1BCE,Unkown,Kid,Other,55,47265,IN,"Makevention 2019"
150,None,None,"2019-08-24 18:28:08.809 +00:00","2019-08-24 18:28:09.595 +00:00",150,1.0,150,Unkown,star,#D3D406,Unkown,Teen,Gaming,57,47265,IN,"Makevention 2019"
151,None,None,"2019-08-24 18:28:51.022 +00:00","2019-08-24 18:28:51.954 +00:00",151,1.0,151,Unkown,cross,#8E1BCE,Unkown,Kid,Other,55,47265,IN,"Makevention 2019"
155,None,None,"2019-08-24 18:33:57.627 +00:00","2019-08-24 18:33:59.307 +00:00",155,2.0,155,Unkown,star,#D3D406,Unkown,Teen,Gaming,57,47265,IN,"Makevention 2019"
157,None,None,"2019-08-24 18:35:28.465 +00:00","2019-08-24 18:35:28.763 +00:00",157,0.0,157,Unkown,star,#D3D406,Unkown,Teen,Gaming,57,47265,IN,"Makevention 2019"
159,None,None,"2019-08-24 18:37:20.507 +00:00","2019-08-24 18:37:22.349 +00:00",159,2.0,159,Unkown,star,#D3D406,Unkown,Teen,Gaming,57,47265,IN,"Makevention 2019"
162,None,None,"2019-08-24 18:40:00.235 +00:00","2019-08-24 18:40:02.040 +00:00",162,2.0,162,Unkown,cross,#D36E44,Unkown,Teen,Cooking,74,47265,IN,"Makevention 2019"
7,None,None,"2019-08-19 17:21:38.710 +00:00",,7,,7,Unkown,diamond,#8E1BCE,Unkown,Pre-Teen,Cooking,65,47401,IN,"Makevention 2019"
8,None,None,"2019-08-19 17:22:58.194 +00:00",,8,,8,Unkown,diamond,#8E1BCE,Unkown,Pre-Teen,Cooking,43,47401,IN,"Makevention 2019"
9,None,None,"2019-08-19 17:30:15.523 +00:00","2019-08-19 17:30:20.985 +00:00",9,5.0,9,Unkown,diamond,#D372D2,Unkown,Pre-Teen,Cooking,61,47401,IN,"Makevention 2019"
10,None,None,"2019-08-19 17:44:42.464 +00:00","2019-08-19 17:44:44.757 +00:00",10,2.0,10,Unkown,triangle-up,#D372D2,Unkown,Pre-Teen,Cooking,46,47401,IN,"Makevention 2019"
11,None,None,"2019-08-19 18:15:14.991 +00:00","2019-08-19 18:15:17.737 +00:00",11,3.0,11,Unkown,triangle-up,#D3D406,Unkown,Teen,,55,47401,IN,"Makevention 2019"
12,None,None,"2019-08-19 18:22:22.684 +00:00","2019-08-19 18:22:27.131 +00:00",12,4.0,12,Unkown,diamond,#8E1BCE,Unkown,Pre-Teen,Cooking,46,47401,IN,"Makevention 2019"
13,None,None,"2019-08-19 18:26:43.440 +00:00","2019-08-19 18:26:45.210 +00:00",13,2.0,13,Unkown,diamond,#8E1BCE,Unkown,Teen,Cooking,41,47401,IN,"Makevention 2019"
14,None,None,"2019-08-19 19:43:21.953 +00:00","2019-08-19 19:43:24.604 +00:00",14,3.0,14,Unkown,diamond,#0707D2,Unkown,Pre-Teen,Cooking,45,47401,IN,"Makevention 2019"
15,None,None,"2019-08-19 19:46:20.184 +00:00","2019-08-19 19:46:22.611 +00:00",15,2.0,15,Unkown,diamond,#8E1BCE,Unkown,Pre-Teen,,49,47401,IN,"Makevention 2019"
16,None,None,"2019-08-20 15:43:33.949 +00:00","2019-08-20 15:43:36.972 +00:00",16,3.0,16,Unkown,diamond,#0707D2,Unkown,Teen,Cooking,52,47401,IN,"Makevention 2019"
18,None,None,"2019-08-20 18:20:54.892 +00:00","2019-08-20 18:20:56.680 +00:00",18,2.0,18,Unkown,diamond,#D372D2,Unkown,Adult,Sports,51,47401,IN,"Makevention 2019"
19,None,None,"2019-08-20 18:21:38.310 +00:00","2019-08-20 18:21:40.180 +00:00",19,2.0,19,Unkown,square,#8E1BCE,Unkown,Adult,Art,47,47401,IN,"Makevention 2019"
21,None,None,"2019-08-20 20:31:20.525 +00:00","2019-08-20 20:31:23.371 +00:00",21,3.0,21,Unkown,cross,#0707D2,Unkown,Kid,Art,77,47401,IN,"Makevention 2019"
22,None,None,"2019-08-20 20:32:42.554 +00:00","2019-08-20 20:32:45.840 +00:00",22,3.0,22,Unkown,cross,#0707D2,Unkown,Pre-Teen,Gaming,56,47401,IN,"Makevention 2019"
23,None,None,"2019-08-20 20:34:09.091 +00:00","2019-08-20 20:34:11.402 +00:00",23,2.0,23,Unkown,diamond,#D372D2,Unkown,Pre-Teen,Sports,51,47401,IN,"Makevention 2019"
24,None,None,"2019-08-20 20:36:32.006 +00:00","2019-08-20 20:36:34.129 +00:00",24,2.0,24,Unkown,triangle-up,#0707D2,Unkown,Pre-Teen,Cooking,50,47401,IN,"Makevention 2019"
25,None,None,"2019-08-20 20:55:47.037 +00:00","2019-08-20 20:55:49.935 +00:00",25,3.0,25,Unkown,diamond,#0707D2,Unkown,Pre-Teen,Cooking,47,47401,IN,"Makevention 2019"
26,None,None,"2019-08-21 12:07:07.110 +00:00","2019-08-21 12:07:09.991 +00:00",26,3.0,26,Unkown,triangle-up,#8E1BCE,Unkown,Adult,Gaming,66,47401,IN,"Makevention 2019"
27,None,None,"2019-08-21 13:50:08.539 +00:00","2019-08-21 13:50:11.166 +00:00",27,3.0,27,Unkown,square,#D372D2,Unkown,Teen,Cooking,49,47401,IN,"Makevention 2019"
29,None,None,"2019-08-21 14:12:13.930 +00:00","2019-08-21 14:12:17.015 +00:00",29,3.0,29,Unkown,star,#33820D,Unkown,Adult,Gaming,70,47401,IN,"Makevention 2019"
31,None,None,"2019-08-21 14:43:56.030 +00:00","2019-08-21 14:43:59.142 +00:00",31,3.0,31,Unkown,star,#33820D,Unkown,Adult,Gaming,69,47401,IN,"Makevention 2019"
35,None,None,"2019-08-21 17:39:26.989 +00:00","2019-08-21 17:39:30.257 +00:00",35,3.0,35,Unkown,star,#33820D,Unkown,Adult,Gaming,70,47401,IN,"Makevention 2019"
36,None,None,"2019-08-21 19:13:58.171 +00:00","2019-08-21 19:13:59.904 +00:00",36,2.0,36,Unkown,star,#D372D2,Unkown,Kid,Cooking,50,47401,IN,"Makevention 2019"
37,None,None,"2019-08-21 19:14:54.700 +00:00","2019-08-21 19:14:56.230 +00:00",37,2.0,37,Unkown,star,#D372D2,Unkown,Adult,Gaming,58,47401,IN,"Makevention 2019"
38,None,None,"2019-08-22 11:53:48.822 +00:00","2019-08-22 11:53:51.791 +00:00",38,3.0,38,Unkown,star,#33820D,Unkown,Adult,Gaming,71,47401,IN,"Makevention 2019"
39,None,None,"2019-08-22 15:38:38.757 +00:00","2019-08-22 15:38:41.732 +00:00",39,3.0,39,Unkown,star,#33820D,Unkown,Adult,Gaming,70,47401,IN,"Makevention 2019"
45,None,None,"2019-08-22 18:17:35.912 +00:00","2019-08-22 18:17:36.805 +00:00",45,1.0,45,Unkown,cross,#0707D2,Unkown,Adult,Sports,72,47401,IN,"Makevention 2019"
47,None,None,"2019-08-23 12:06:44.614 +00:00","2019-08-23 12:06:47.554 +00:00",47,3.0,47,Unkown,star,#33820D,Unkown,Adult,Gaming,70,47401,IN,"Makevention 2019"
48,None,None,"2019-08-23 13:15:57.199 +00:00","2019-08-23 13:16:01.000 +00:00",48,4.0,48,Unkown,star,#33820D,Unkown,Adult,Gaming,70,47401,IN,"Makevention 2019"
49,None,None,"2019-08-24 13:42:30.656 +00:00","2019-08-24 13:42:33.534 +00:00",49,3.0,49,Unkown,star,#33820D,Unkown,Adult,Gaming,70,47401,IN,"Makevention 2019"
50,None,None,"2019-08-24 13:57:09.580 +00:00","2019-08-24 13:57:12.194 +00:00",50,3.0,50,Unkown,star,#33820D,Unkown,Adult,Gaming,70,47401,IN,"Makevention 2019"
51,None,None,"2019-08-24 14:08:35.140 +00:00","2019-08-24 14:08:37.849 +00:00",51,3.0,51,Unkown,star,#33820D,Unkown,Adult,Gaming,70,47401,IN,"Makevention 2019"
52,None,None,"2019-08-24 14:16:00.007 +00:00","2019-08-24 14:16:01.942 +00:00",52,2.0,52,Unkown,star,#33820D,Unkown,Adult,Gaming,70,47401,IN,"Makevention 2019"
53,None,None,"2019-08-24 14:17:02.733 +00:00","2019-08-24 14:17:04.655 +00:00",53,2.0,53,Unkown,star,#33820D,Unkown,Adult,Gaming,70,47401,IN,"Makevention 2019"
54,None,None,"2019-08-24 14:22:26.151 +00:00","2019-08-24 14:22:27.579 +00:00",54,1.0,54,Unkown,diamond,#D3D406,Unkown,Adult,Sports,71,47401,IN,"Makevention 2019"
55,None,None,"2019-08-24 14:39:01.832 +00:00","2019-08-24 14:39:03.824 +00:00",55,2.0,55,Unkown,star,#33820D,Unkown,Adult,Gaming,70,47401,IN,"Makevention 2019"
56,None,None,"2019-08-24 14:41:55.590 +00:00","2019-08-24 14:41:57.436 +00:00",56,2.0,56,Unkown,star,#55D4D2,Unkown,Teen,Cooking,65,47401,IN,"Makevention 2019"
57,None,None,"2019-08-24 14:43:03.690 +00:00","2019-08-24 14:43:04.651 +00:00",57,1.0,57,Unkown,star,#33820D,Unkown,Adult,Gaming,70,47401,IN,"Makevention 2019"
58,None,None,"2019-08-24 14:44:57.848 +00:00","2019-08-24 14:44:58.425 +00:00",58,1.0,58,Unkown,diamond,#0707D2,Unkown,Adult,Sports,63,47401,IN,"Makevention 2019"
59,None,None,"2019-08-24 14:45:43.044 +00:00","2019-08-24 14:45:44.534 +00:00",59,1.0,59,Unkown,cross,#8E1BCE,Unkown,Pre-Teen,Sports,49,47401,IN,"Makevention 2019"
60,None,None,"2019-08-24 14:46:32.851 +00:00","2019-08-24 14:46:33.735 +00:00",60,1.0,60,Unkown,diamond,#0707D2,Unkown,Adult,Sports,63,47401,IN,"Makevention 2019"
61,None,None,"2019-08-24 14:47:12.704 +00:00","2019-08-24 14:47:21.512 +00:00",61,9.0,61,Unkown,triangle-up,#D372D2,Unkown,Kid,Sports,50,47401,IN,"Makevention 2019"
62,None,None,"2019-08-24 14:47:56.781 +00:00","2019-08-24 14:47:58.142 +00:00",62,1.0,62,Unkown,cross,#8E1BCE,Unkown,Kid,Sports,49,47401,IN,"Makevention 2019"
63,None,None,"2019-08-24 14:50:03.151 +00:00","2019-08-24 14:50:05.653 +00:00",63,3.0,63,Unkown,triangle-up,#0707D2,Unkown,Kid,Gaming,36,47401,IN,"Makevention 2019"
64,None,None,"2019-08-24 14:50:41.447 +00:00","2019-08-24 14:50:43.638 +00:00",64,2.0,64,Unkown,triangle-up,#0707D2,Unkown,Kid,Gaming,36,47401,IN,"Makevention 2019"
65,None,None,"2019-08-24 14:51:26.842 +00:00","2019-08-24 14:51:28.998 +00:00",65,2.0,65,Unkown,triangle-up,#0707D2,Unkown,Kid,Gaming,36,47401,IN,"Makevention 2019"
66,None,None,"2019-08-24 14:57:48.041 +00:00","2019-08-24 14:57:48.933 +00:00",66,1.0,66,Unkown,star,#D372D2,Unkown,Kid,Art,36,47401,IN,"Makevention 2019"
67,None,None,"2019-08-24 14:59:15.752 +00:00","2019-08-24 14:59:24.381 +00:00",67,9.0,67,Unkown,star,#8E1BCE,Unkown,Kid,Art,36,47401,IN,"Makevention 2019"
69,None,None,"2019-08-24 15:14:16.634 +00:00","2019-08-24 15:14:19.335 +00:00",69,3.0,69,Unkown,star,#33820D,Unkown,Adult,Gaming,70,47401,IN,"Makevention 2019"
71,None,None,"2019-08-24 15:18:02.209 +00:00","2019-08-24 15:18:04.320 +00:00",71,2.0,71,Unkown,star,#33820D,Unkown,Adult,Gaming,70,47401,IN,"Makevention 2019"
73,None,None,"2019-08-24 15:23:26.417 +00:00","2019-08-24 15:23:31.050 +00:00",73,5.0,73,Unkown,star,#0707D2,Unkown,Kid,Gaming,36,47401,IN,"Makevention 2019"
74,None,None,"2019-08-24 15:24:45.860 +00:00","2019-08-24 15:24:47.520 +00:00",74,2.0,74,Unkown,,#55D4D2,Unkown,Pre-Teen,Sports,49,47401,IN,"Makevention 2019"
75,None,None,"2019-08-24 15:27:09.655 +00:00","2019-08-24 15:27:22.501 +00:00",75,13.0,75,Unkown,triangle-up,#8E1BCE,Unkown,Kid,Art,36,47401,IN,"Makevention 2019"
76,None,None,"2019-08-24 15:28:15.284 +00:00","2019-08-24 15:28:19.711 +00:00",76,4.0,76,Unkown,cross,#33820D,Unkown,Kid,Cooking,36,47401,IN,"Makevention 2019"
77,None,None,"2019-08-24 15:29:46.611 +00:00","2019-08-24 15:29:50.853 +00:00",77,4.0,77,Unkown,cross,#33820D,Unkown,Kid,Cooking,36,47401,IN,"Makevention 2019"
78,None,None,"2019-08-24 15:32:32.175 +00:00","2019-08-24 15:32:36.184 +00:00",78,4.0,78,Unkown,diamond,#D39827,Unkown,Kid,Sports,36,47401,IN,"Makevention 2019"
79,None,None,"2019-08-24 15:41:35.211 +00:00","2019-08-24 15:41:39.261 +00:00",79,4.0,79,Unkown,diamond,#D3D406,Unkown,Kid,Cooking,40,47401,IN,"Makevention 2019"
80,None,None,"2019-08-24 15:43:13.702 +00:00","2019-08-24 15:43:14.287 +00:00",80,1.0,80,Unkown,star,#55D4D2,Unkown,Kid,Cooking,51,47401,IN,"Makevention 2019"
84,None,None,"2019-08-24 15:48:00.754 +00:00","2019-08-24 15:48:02.423 +00:00",84,2.0,84,Unkown,triangle-up,#33820D,Unkown,Pre-Teen,Art,52,47401,IN,"Makevention 2019"
85,None,None,"2019-08-24 15:48:56.454 +00:00","2019-08-24 15:48:59.350 +00:00",85,3.0,85,Unkown,triangle-up,#D372D2,Unkown,Kid,Gaming,36,47401,IN,"Makevention 2019"
86,None,None,"2019-08-24 15:49:49.215 +00:00","2019-08-24 15:49:50.530 +00:00",86,1.0,86,Unkown,cross,#55D4D2,Unkown,Pre-Teen,Gaming,61,47401,IN,"Makevention 2019"
87,None,None,"2019-08-24 15:51:32.799 +00:00",,87,,87,Unkown,star,#0707D2,Unkown,Kid,Gaming,47,47401,IN,"Makevention 2019"
88,None,None,"2019-08-24 16:03:46.147 +00:00","2019-08-24 16:03:46.694 +00:00",88,1.0,88,Unkown,diamond,#55D4D2,Unkown,Kid,Art,53,47401,IN,"Makevention 2019"
89,None,None,"2019-08-24 16:05:08.756 +00:00","2019-08-24 16:05:10.439 +00:00",89,2.0,89,Unkown,diamond,#D372D2,Unkown,Kid,Art,56,47401,IN,"Makevention 2019"
90,None,None,"2019-08-24 16:06:04.840 +00:00","2019-08-24 16:06:06.270 +00:00",90,1.0,90,Unkown,square,#33820D,Unkown,Pre-Teen,Gaming,63,47401,IN,"Makevention 2019"
91,None,None,"2019-08-24 16:07:09.800 +00:00","2019-08-24 16:07:10.891 +00:00",91,1.0,91,Unkown,star,#0707D2,Unkown,Kid,Sports,49,47401,IN,"Makevention 2019"
92,None,None,"2019-08-24 16:10:20.289 +00:00","2019-08-24 16:10:22.472 +00:00",92,2.0,92,Unkown,star,#0707D2,Unkown,Kid,Sports,50,47401,IN,"Makevention 2019"
96,None,None,"2019-08-24 16:28:56.050 +00:00","2019-08-24 16:28:58.176 +00:00",96,2.0,96,Unkown,square,#0707D2,Unkown,Kid,Sports,52,47401,IN,"Makevention 2019"
97,None,None,"2019-08-24 16:29:43.749 +00:00","2019-08-24 16:29:44.751 +00:00",97,1.0,97,Unkown,,#55D4D2,Unkown,Pre-Teen,Cooking,55,47401,IN,"Makevention 2019"
98,None,None,"2019-08-24 16:30:40.826 +00:00","2019-08-24 16:30:42.456 +00:00",98,2.0,98,Unkown,star,#55D4D2,Unkown,Pre-Teen,Cooking,59,47401,IN,"Makevention 2019"
99,None,None,"2019-08-24 16:31:29.357 +00:00","2019-08-24 16:31:30.290 +00:00",99,1.0,99,Unkown,star,#8E1BCE,Unkown,,Other,60,47401,IN,"Makevention 2019"
100,None,None,"2019-08-24 16:32:30.339 +00:00","2019-08-24 16:32:34.026 +00:00",100,4.0,100,Unkown,diamond,#D30706,Unkown,Kid,Sports,50,47401,IN,"Makevention 2019"
101,None,None,"2019-08-24 16:33:36.399 +00:00","2019-08-24 16:33:42.307 +00:00",101,6.0,101,Unkown,triangle-up,#9B180F,Unkown,Kid,Sports,49,47401,IN,"Makevention 2019"
102,None,None,"2019-08-24 16:35:04.907 +00:00","2019-08-24 16:35:08.377 +00:00",102,3.0,102,Unkown,star,#D36E44,Unkown,Kid,Sports,40,47401,IN,"Makevention 2019"
103,None,None,"2019-08-24 16:37:17.823 +00:00","2019-08-24 16:37:22.686 +00:00",103,5.0,103,Unkown,star,#D3D406,Unkown,Kid,,69,47401,IN,"Makevention 2019"
104,None,None,"2019-08-24 16:38:19.194 +00:00","2019-08-24 16:38:22.640 +00:00",104,3.0,104,Unkown,triangle-up,#D372D2,Unkown,Kid,Gaming,36,47401,IN,"Makevention 2019"
106,None,None,"2019-08-24 16:48:03.816 +00:00","2019-08-24 16:48:05.921 +00:00",106,2.0,106,Unkown,cross,#D30706,Unkown,,Cooking,58,47401,IN,"Makevention 2019"
107,None,None,"2019-08-24 16:49:12.903 +00:00","2019-08-24 16:49:14.831 +00:00",107,2.0,107,Unkown,star,#0707D2,Unkown,Kid,Sports,53,47401,IN,"Makevention 2019"
108,None,None,"2019-08-24 16:50:19.087 +00:00","2019-08-24 16:50:27.642 +00:00",108,9.0,108,Unkown,triangle-up,#8E1BCE,Unkown,Kid,Other,55,47401,IN,"Makevention 2019"
109,None,None,"2019-08-24 17:15:10.072 +00:00","2019-08-24 17:15:12.189 +00:00",109,2.0,109,Unkown,star,#33820D,Unkown,Adult,Gaming,70,47401,IN,"Makevention 2019"
113,None,None,"2019-08-24 17:28:41.219 +00:00","2019-08-24 17:28:44.443 +00:00",113,3.0,113,Unkown,diamond,#55D4D2,Unkown,Pre-Teen,Art,44,47401,IN,"Makevention 2019"
126,None,None,"2019-08-24 17:49:42.942 +00:00","2019-08-24 17:49:45.328 +00:00",126,2.0,126,Unkown,star,#33820D,Unkown,Adult,Gaming,70,47401,IN,"Makevention 2019"
127,None,None,"2019-08-24 17:50:21.907 +00:00","2019-08-24 17:50:24.306 +00:00",127,2.0,127,Unkown,diamond,#0707D2,Unkown,,,,47401,IN,"Makevention 2019"
128,None,None,"2019-08-24 17:52:27.658 +00:00","2019-08-24 17:52:29.730 +00:00",128,2.0,128,Unkown,diamond,#0707D2,Unkown,Kid,Sports,42,47401,IN,"Makevention 2019"
129,None,None,"2019-08-24 17:53:10.730 +00:00","2019-08-24 17:53:12.420 +00:00",129,2.0,129,Unkown,star,#D372D2,Unkown,Kid,Art,48,47401,IN,"Makevention 2019"
130,None,None,"2019-08-24 17:55:30.426 +00:00","2019-08-24 17:55:32.640 +00:00",130,2.0,130,Unkown,star,#8E1BCE,Unkown,Kid,Cooking,39,47401,IN,"Makevention 2019"
131,None,None,"2019-08-24 17:57:16.282 +00:00","2019-08-24 17:57:17.776 +00:00",131,1.0,131,Unkown,diamond,#8E1BCE,Unkown,Kid,Cooking,39,47401,IN,"Makevention 2019"
132,None,None,"2019-08-24 17:58:48.057 +00:00","2019-08-24 17:58:49.831 +00:00",132,2.0,132,Unkown,star,#0707D2,Unkown,Pre-Teen,Cooking,58,47401,IN,"Makevention 2019"
133,None,None,"2019-08-24 17:59:32.635 +00:00","2019-08-24 17:59:33.032 +00:00",133,0.0,133,Unkown,star,#8E1BCE,Unkown,Pre-Teen,Cooking,60,47401,IN,"Makevention 2019"
141,None,None,"2019-08-24 18:20:09.276 +00:00","2019-08-24 18:20:18.832 +00:00",141,10.0,141,Unkown,triangle-up,#D30706,Unkown,Kid,Art,36,47401,IN,"Makevention 2019"
152,None,None,"2019-08-24 18:31:01.487 +00:00","2019-08-24 18:31:02.996 +00:00",152,2.0,152,Unkown,diamond,#9B180F,Unkown,Teen,Gaming,67,47401,IN,"Makevention 2019"
153,None,None,"2019-08-24 18:32:24.229 +00:00","2019-08-24 18:32:30.928 +00:00",153,7.0,153,Unkown,cross,#D3D406,Unkown,Pre-Teen,Gaming,52,47401,IN,"Makevention 2019"
154,None,None,"2019-08-24 18:33:12.828 +00:00","2019-08-24 18:33:14.488 +00:00",154,2.0,154,Unkown,cross,#D3D406,Unkown,Pre-Teen,Gaming,53,47401,IN,"Makevention 2019"
156,None,None,"2019-08-24 18:34:46.125 +00:00","2019-08-24 18:34:47.157 +00:00",156,1.0,156,Unkown,triangle-up,#55D4D2,Unkown,Pre-Teen,Gaming,61,47401,IN,"Makevention 2019"
158,None,None,"2019-08-24 18:36:35.287 +00:00","2019-08-24 18:36:36.974 +00:00",158,2.0,158,Unkown,triangle-up,#55D4D2,Unkown,Teen,Gaming,61,47401,IN,"Makevention 2019"
160,None,None,"2019-08-24 18:38:11.145 +00:00","2019-08-24 18:38:12.240 +00:00",160,1.0,160,Unkown,diamond,#9B180F,Unkown,Teen,Gaming,67,47401,IN,"Makevention 2019"
161,None,None,"2019-08-24 18:38:53.858 +00:00","2019-08-24 18:39:01.559 +00:00",161,8.0,161,Unkown,cross,#D36E44,Unkown,Teen,Cooking,74,47401,IN,"Makevention 2019"
163,None,None,"2019-08-24 18:40:36.705 +00:00","2019-08-24 18:40:38.386 +00:00",163,2.0,163,Unkown,star,#33820D,Unkown,Adult,Gaming,70,47401,IN,"Makevention 2019"
164,None,None,"2019-08-24 18:41:48.883 +00:00","2019-08-24 18:41:50.686 +00:00",164,2.0,164,Unkown,star,#0707D2,Unkown,Kid,Sports,45,47401,IN,"Makevention 2019"
166,None,None,"2019-08-24 18:44:39.887 +00:00","2019-08-24 18:44:41.838 +00:00",166,2.0,166,Unkown,star,#33820D,Unkown,Adult,Gaming,70,47401,IN,"Makevention 2019"
167,None,None,"2019-08-24 18:52:20.608 +00:00","2019-08-24 18:52:22.523 +00:00",167,2.0,167,Unkown,star,#8E1BCE,Unkown,Adult,Cooking,72,47401,IN,"Makevention 2019"
168,None,None,"2019-08-24 18:53:09.977 +00:00","2019-08-24 18:53:11.213 +00:00",168,1.0,168,Unkown,cross,#33820D,Unkown,Teen,Sports,54,47401,IN,"Makevention 2019"
169,None,None,"2019-08-24 18:54:32.045 +00:00","2019-08-24 18:54:33.833 +00:00",169,2.0,169,Unkown,diamond,#55D4D2,Unkown,Teen,,55,47401,IN,"Makevention 2019"
170,None,None,"2019-08-24 18:56:18.682 +00:00","2019-08-24 18:56:20.333 +00:00",170,2.0,170,Unkown,star,#D3D406,Unkown,Kid,Sports,48,47401,IN,"Makevention 2019"
171,None,None,"2019-08-24 19:14:02.663 +00:00","2019-08-24 19:14:07.219 +00:00",171,5.0,171,Unkown,star,#33820D,Unkown,Adult,Gaming,70,47401,IN,"Makevention 2019"
172,None,None,"2019-08-24 19:15:10.342 +00:00","2019-08-24 19:15:14.522 +00:00",172,4.0,172,Unkown,star,#33820D,Unkown,Adult,Gaming,70,47401,IN,"Makevention 2019"
173,None,None,"2019-08-24 19:17:35.144 +00:00","2019-08-24 19:17:37.070 +00:00",173,2.0,173,Unkown,star,#D372D2,Unkown,Kid,Sports,42,47401,IN,"Makevention 2019"
174,None,None,"2019-08-24 19:19:06.400 +00:00","2019-08-24 19:19:08.721 +00:00",174,2.0,174,Unkown,triangle-up,#33820D,Unkown,Adult,Cooking,67,47401,IN,"Makevention 2019"
175,None,None,"2019-08-24 19:20:05.008 +00:00",,175,,175,Unkown,diamond,#0707D2,Unkown,Kid,Other,36,47401,IN,"Makevention 2019"
178,None,None,"2019-08-24 19:46:12.843 +00:00","2019-08-24 19:46:14.691 +00:00",178,2.0,178,Unkown,triangle-up,#8E1BCE,Unkown,Adult,Art,66,47401,IN,"Makevention 2019"
179,None,None,"2019-08-24 19:47:10.458 +00:00","2019-08-24 19:47:15.485 +00:00",179,5.0,179,Unkown,,#0707D2,Unkown,Kid,Sports,36,47401,IN,"Makevention 2019"
180,None,None,"2019-08-24 19:48:09.775 +00:00","2019-08-24 19:48:11.031 +00:00",180,1.0,180,Unkown,star,#0707D2,Unkown,Kid,Sports,57,47401,IN,"Makevention 2019"
183,None,None,"2019-10-26 12:52:21.206 +00:00","2019-10-26 12:52:24.704 +00:00",183,3.0,183,Unkown,star,#33820D,Unkown,Adult,Gaming,70,47401,IN,"Makevention 2019"
184,None,None,"2019-10-26 13:06:22.776 +00:00","2019-10-26 13:06:26.734 +00:00",184,4.0,184,Unkown,star,#33820D,Unkown,Adult,Gaming,70,47401,IN,"Makevention 2019"
185,None,None,"2019-10-26 13:09:02.299 +00:00","2019-10-26 13:09:05.978 +00:00",185,4.0,185,Unkown,star,#33820D,Unkown,Adult,Gaming,70,47401,IN,"Makevention 2019"
187,None,None,"2019-10-26 13:38:16.075 +00:00","2019-10-26 13:38:19.402 +00:00",187,3.0,187,Unkown,star,#33820D,Unkown,Adult,Gaming,70,47401,IN,"Makevention 2019"
191,None,None,"2019-10-26 13:48:31.928 +00:00","2019-10-26 13:48:35.577 +00:00",191,4.0,191,Unkown,star,#33820D,Unkown,Adult,Gaming,70,47401,IN,"Makevention 2019"
195,None,None,"2019-10-26 14:10:28.975 +00:00","2019-10-26 14:10:32.481 +00:00",195,4.0,195,Unkown,star,#33820D,Unkown,Adult,Gaming,70,47401,IN,"Makevention 2019"
203,None,None,"2019-10-26 14:20:57.322 +00:00","2019-10-26 14:21:00.550 +00:00",203,3.0,203,Unkown,star,#33820D,Unkown,Adult,Gaming,70,47401,IN,"Makevention 2019"
204,None,None,"2019-10-26 14:22:39.206 +00:00","2019-10-26 14:22:42.627 +00:00",204,3.0,204,Unkown,star,#D30706,Unkown,Kid,Other,37,47401,IN,"Makevention 2019"
205,None,None,"2019-10-26 14:23:52.807 +00:00",,205,,205,Unkown,diamond,#0707D2,Unkown,Kid,Sports,52,47401,IN,"Makevention 2019"
206,None,None,"2019-10-26 14:24:43.295 +00:00","2019-10-26 14:24:52.182 +00:00",206,9.0,206,Unkown,diamond,#0707D2,Unkown,Kid,Sports,52,47401,IN,"Makevention 2019"
207,None,None,"2019-10-26 14:25:33.109 +00:00",,207,,207,Unkown,diamond,#0707D2,Unkown,Kid,Sports,52,47401,IN,"Makevention 2019"
208,None,None,"2019-10-26 14:26:54.689 +00:00","2019-10-26 14:26:58.513 +00:00",208,4.0,208,Unkown,triangle-up,#D30706,Unkown,Kid,Cooking,48,47401,IN,"Makevention 2019"
209,None,None,"2019-10-26 14:27:53.931 +00:00","2019-10-26 14:27:58.423 +00:00",209,4.0,209,Unkown,diamond,#0707D2,Unkown,Kid,Gaming,52,47401,IN,"Makevention 2019"
213,None,None,"2019-10-26 14:32:01.680 +00:00","2019-10-26 14:32:07.155 +00:00",213,5.0,213,Unkown,star,#D30706,Unkown,Kid,Gaming,51,47401,IN,"Makevention 2019"
214,None,None,"2019-10-26 14:32:47.415 +00:00","2019-10-26 14:32:50.175 +00:00",214,3.0,214,Unkown,star,#D30706,Unkown,Kid,Gaming,51,47401,IN,"Makevention 2019"
225,None,None,"2019-10-26 14:47:31.691 +00:00","2019-10-26 14:47:35.406 +00:00",225,4.0,225,Unkown,star,#33820D,Unkown,Adult,Gaming,70,47401,IN,"Makevention 2019"
231,None,None,"2019-10-26 14:56:18.982 +00:00","2019-10-26 14:56:22.044 +00:00",231,3.0,231,Unkown,cross,#D30706,Unkown,Pre-Teen,Other,48,47401,IN,"Makevention 2019"
232,None,None,"2019-10-26 14:57:22.879 +00:00","2019-10-26 14:57:26.334 +00:00",232,3.0,232,Unkown,square,#55D4D2,Unkown,Pre-Teen,Other,60,47401,IN,"Makevention 2019"
235,None,None,"2019-10-26 15:00:17.323 +00:00","2019-10-26 15:00:20.080 +00:00",235,3.0,235,Unkown,diamond,#33820D,Unkown,Kid,Art,60,47401,IN,"Makevention 2019"
236,None,None,"2019-10-26 15:02:16.889 +00:00","2019-10-26 15:02:16.915 +00:00",236,0.0,236,Unkown,diamond,#33820D,Unkown,Kid,Art,59,47401,IN,"Makevention 2019"
241,None,None,"2019-10-26 15:11:14.477 +00:00","2019-10-26 15:11:21.344 +00:00",241,7.0,241,Unkown,diamond,#0707D2,Unkown,Kid,Sports,52,47401,IN,"Makevention 2019"
242,None,None,"2019-10-26 15:12:39.171 +00:00","2019-10-26 15:12:41.443 +00:00",242,2.0,242,Unkown,diamond,#D3D406,Unkown,Kid,Sports,58,47401,IN,"Makevention 2019"
244,None,None,"2019-10-26 15:14:30.638 +00:00","2019-10-26 15:14:32.940 +00:00",244,2.0,244,Unkown,triangle-up,#0707D2,Unkown,Pre-Teen,Gaming,64,47401,IN,"Makevention 2019"
245,None,None,"2019-10-26 15:15:34.569 +00:00","2019-10-26 15:15:37.185 +00:00",245,3.0,245,Unkown,star,#55D4D2,Unkown,Pre-Teen,Sports,58,47401,IN,"Makevention 2019"
246,None,None,"2019-10-26 15:16:17.261 +00:00","2019-10-26 15:16:20.191 +00:00",246,3.0,246,Unkown,diamond,#8E1BCE,Unkown,Adult,Sports,64,47401,IN,"Makevention 2019"
247,None,None,"2019-10-26 15:17:05.793 +00:00","2019-10-26 15:17:08.772 +00:00",247,3.0,247,Unkown,diamond,#8E1BCE,Unkown,Pre-Teen,Sports,58,47401,IN,"Makevention 2019"
250,None,None,"2019-10-26 15:20:08.432 +00:00","2019-10-26 15:20:11.582 +00:00",250,3.0,250,Unkown,diamond,#8E1BCE,Unkown,Pre-Teen,Sports,58,47401,IN,"Makevention 2019"
257,None,None,"2019-10-26 15:28:12.139 +00:00","2019-10-26 15:28:15.887 +00:00",257,4.0,257,Unkown,diamond,#55D4D2,Unkown,Adult,Gaming,64,47401,IN,"Makevention 2019"
258,None,None,"2019-10-26 15:28:51.081 +00:00","2019-10-26 15:28:54.753 +00:00",258,4.0,258,Unkown,diamond,#D372D2,Unkown,Adult,Sports,64,47401,IN,"Makevention 2019"
259,None,None,"2019-10-26 15:30:13.243 +00:00","2019-10-26 15:30:15.978 +00:00",259,3.0,259,Unkown,diamond,#D372D2,Unkown,Adult,Sports,67,47401,IN,"Makevention 2019"
260,None,None,"2019-10-26 15:30:45.093 +00:00","2019-10-26 15:30:47.973 +00:00",260,3.0,260,Unkown,diamond,#D372D2,Unkown,Adult,Sports,67,47401,IN,"Makevention 2019"
266,None,None,"2019-10-26 15:37:25.164 +00:00","2019-10-26 15:37:28.325 +00:00",266,3.0,266,Unkown,cross,#0707D2,Unkown,Pre-Teen,Sports,57,47401,IN,"Makevention 2019"
267,None,None,"2019-10-26 15:38:18.349 +00:00","2019-10-26 15:38:21.215 +00:00",267,3.0,267,Unkown,diamond,#8E1BCE,Unkown,Kid,Other,50,47401,IN,"Makevention 2019"
268,None,None,"2019-10-26 15:39:31.968 +00:00","2019-10-26 15:39:35.451 +00:00",268,3.0,268,Unkown,star,#D372D2,Unkown,Pre-Teen,Gaming,56,47401,IN,"Makevention 2019"
269,None,None,"2019-10-26 15:40:30.373 +00:00","2019-10-26 15:40:36.544 +00:00",269,6.0,269,Unkown,star,#D39827,Unkown,Kid,Gaming,41,47401,IN,"Makevention 2019"
270,None,None,"2019-10-26 15:41:34.605 +00:00","2019-10-26 15:41:37.101 +00:00",270,2.0,270,Unkown,diamond,#D372D2,Unkown,Pre-Teen,Sports,57,47401,IN,"Makevention 2019"
271,None,None,"2019-10-26 15:42:10.825 +00:00","2019-10-26 15:42:13.654 +00:00",271,3.0,271,Unkown,diamond,#D372D2,Unkown,Pre-Teen,Cooking,58,47401,IN,"Makevention 2019"
272,None,None,"2019-10-26 15:42:41.945 +00:00","2019-10-26 15:42:44.929 +00:00",272,3.0,272,Unkown,diamond,#D372D2,Unkown,Pre-Teen,Sports,58,47401,IN,"Makevention 2019"
273,None,None,"2019-10-26 15:43:16.674 +00:00","2019-10-26 15:43:19.400 +00:00",273,3.0,273,Unkown,star,#33820D,Unkown,Adult,Gaming,70,47401,IN,"Makevention 2019"
274,None,None,"2019-10-26 15:45:02.213 +00:00","2019-10-26 15:45:04.612 +00:00",274,2.0,274,Unkown,star,#D3D406,Unkown,Adult,Sports,61,47401,IN,"Makevention 2019"
275,None,None,"2019-10-26 15:46:16.221 +00:00","2019-10-26 15:46:18.443 +00:00",275,2.0,275,Unkown,square,#55D4D2,Unkown,Pre-Teen,Other,55,47401,IN,"Makevention 2019"
276,None,None,"2019-10-26 15:47:17.369 +00:00","2019-10-26 15:47:20.872 +00:00",276,4.0,276,Unkown,star,#8E1BCE,Unkown,Kid,Art,44,47401,IN,"Makevention 2019"
277,None,None,"2019-10-26 15:49:54.803 +00:00","2019-10-26 15:50:00.114 +00:00",277,5.0,277,Unkown,star,#8E1BCE,Unkown,Kid,Art,37,47401,IN,"Makevention 2019"
278,None,None,"2019-10-26 15:50:57.683 +00:00","2019-10-26 15:51:00.426 +00:00",278,3.0,278,Unkown,diamond,#D372D2,Unkown,Pre-Teen,Sports,62,47401,IN,"Makevention 2019"
279,None,None,"2019-10-26 15:52:02.948 +00:00","2019-10-26 15:52:05.894 +00:00",279,3.0,279,Unkown,square,#0707D2,Unkown,Kid,Sports,55,47401,IN,"Makevention 2019"
283,None,None,"2019-10-26 15:56:14.075 +00:00","2019-10-26 15:56:17.393 +00:00",283,3.0,283,Unkown,star,#33820D,Unkown,Adult,Gaming,70,47401,IN,"Makevention 2019"
284,None,None,"2019-10-26 15:58:56.547 +00:00","2019-10-26 15:59:03.339 +00:00",284,7.0,284,Unkown,star,#D30706,Unkown,Kid,Art,47,47401,IN,"Makevention 2019"
285,None,None,"2019-10-26 15:59:44.050 +00:00","2019-10-26 15:59:45.789 +00:00",285,2.0,285,Unkown,triangle-up,#0707D2,Unkown,Adult,Sports,70,47401,IN,"Makevention 2019"
292,None,None,"2019-10-26 16:08:57.984 +00:00","2019-10-26 16:09:02.966 +00:00",292,5.0,292,Unkown,star,#0707D2,Unkown,Kid,Art,42,47401,IN,"Makevention 2019"
293,None,None,"2019-10-26 16:14:26.593 +00:00","2019-10-26 16:14:33.042 +00:00",293,6.0,293,Unkown,star,#8E1BCE,Unkown,Pre-Teen,Sports,58,47401,IN,"Makevention 2019"
294,None,None,"2019-10-26 16:16:03.867 +00:00","2019-10-26 16:16:07.062 +00:00",294,3.0,294,Unkown,star,#8E1BCE,Unkown,Kid,Cooking,45,47401,IN,"Makevention 2019"
295,None,None,"2019-10-26 16:17:20.736 +00:00","2019-10-26 16:17:24.134 +00:00",295,3.0,295,Unkown,star,#55D4D2,Unkown,Adult,Cooking,72,47401,IN,"Makevention 2019"
296,None,None,"2019-10-26 16:18:17.939 +00:00","2019-10-26 16:18:20.774 +00:00",296,3.0,296,Unkown,star,#D30706,Unkown,Adult,Cooking,72,47401,IN,"Makevention 2019"
298,None,None,"2019-10-26 16:21:21.339 +00:00","2019-10-26 16:21:25.650 +00:00",298,4.0,298,Unkown,star,#D30706,Unkown,Teen,Art,64,47401,IN,"Makevention 2019"
299,None,None,"2019-10-26 16:22:12.821 +00:00","2019-10-26 16:22:16.169 +00:00",299,3.0,299,Unkown,star,#D30706,Unkown,Teen,Art,66,47401,IN,"Makevention 2019"
300,None,None,"2019-10-26 16:24:57.186 +00:00","2019-10-26 16:24:59.641 +00:00",300,2.0,300,Unkown,star,#33820D,Unkown,Pre-Teen,Sports,63,47401,IN,"Makevention 2019"
301,None,None,"2019-10-26 16:26:02.934 +00:00","2019-10-26 16:26:05.459 +00:00",301,3.0,301,Unkown,star,#0707D2,Unkown,Kid,Gaming,59,47401,IN,"Makevention 2019"
312,None,None,"2019-10-26 16:44:09.387 +00:00",,312,,312,Unkown,star,#55D4D2,Unkown,Kid,Sports,48,47401,IN,"Makevention 2019"
313,None,None,"2019-10-26 16:46:14.579 +00:00","2019-10-26 16:46:18.277 +00:00",313,4.0,313,Unkown,star,#D39827,Unkown,Kid,Sports,43,47401,IN,"Makevention 2019"
314,None,None,"2019-10-26 16:47:08.000 +00:00",,314,,314,Unkown,star,#D30706,Unkown,Kid,Sports,46,47401,IN,"Makevention 2019"
320,None,None,"2019-10-26 16:54:16.224 +00:00","2019-10-26 16:54:18.697 +00:00",320,2.0,320,Unkown,square,#D36E44,Unkown,Kid,Sports,55,47401,IN,"Makevention 2019"
322,None,None,"2019-10-26 16:55:52.669 +00:00","2019-10-26 16:55:55.343 +00:00",322,3.0,322,Unkown,square,#D3D406,Unkown,Pre-Teen,Cooking,60,47401,IN,"Makevention 2019"
324,None,None,"2019-10-26 16:57:29.784 +00:00","2019-10-26 16:57:32.152 +00:00",324,2.0,324,Unkown,square,#55D4D2,Unkown,Pre-Teen,Sports,58,47401,IN,"Makevention 2019"
325,None,None,"2019-10-26 16:58:32.016 +00:00","2019-10-26 16:58:38.288 +00:00",325,6.0,325,Unkown,square,#0707D2,Unkown,Kid,Sports,36,47401,IN,"Makevention 2019"
326,None,None,"2019-10-26 17:00:06.710 +00:00","2019-10-26 17:00:10.314 +00:00",326,4.0,326,Unkown,triangle-up,#55D4D2,Unkown,Kid,Cooking,46,47401,IN,"Makevention 2019"
327,None,None,"2019-10-26 17:00:54.790 +00:00","2019-10-26 17:00:57.234 +00:00",327,2.0,327,Unkown,square,#55D4D2,Unkown,Kid,Sports,58,47401,IN,"Makevention 2019"
328,None,None,"2019-10-26 17:01:39.651 +00:00","2019-10-26 17:01:42.024 +00:00",328,2.0,328,Unkown,cross,#33820D,Unkown,Adult,Sports,65,47401,IN,"Makevention 2019"
329,None,None,"2019-10-26 17:02:15.281 +00:00","2019-10-26 17:02:17.633 +00:00",329,2.0,329,Unkown,cross,#33820D,Unkown,Adult,Sports,66,47401,IN,"Makevention 2019"
330,None,None,"2019-10-26 17:02:55.594 +00:00","2019-10-26 17:02:58.230 +00:00",330,3.0,330,Unkown,cross,#D372D2,Unkown,Adult,Sports,59,47401,IN,"Makevention 2019"
331,None,None,"2019-10-26 17:03:30.234 +00:00","2019-10-26 17:03:32.829 +00:00",331,3.0,331,Unkown,diamond,#D372D2,Unkown,Adult,Sports,55,47401,IN,"Makevention 2019"
332,None,None,"2019-10-26 17:04:24.393 +00:00","2019-10-26 17:04:27.234 +00:00",332,3.0,332,Unkown,diamond,#D39827,Unkown,Pre-Teen,Cooking,58,47401,IN,"Makevention 2019"
333,None,None,"2019-10-26 17:05:11.776 +00:00","2019-10-26 17:05:14.635 +00:00",333,3.0,333,Unkown,diamond,#D39827,Unkown,Pre-Teen,Cooking,58,47401,IN,"Makevention 2019"
334,None,None,"2019-10-26 17:06:10.201 +00:00","2019-10-26 17:06:12.596 +00:00",334,2.0,334,Unkown,square,#D36E44,Unkown,Kid,Sports,55,47401,IN,"Makevention 2019"
335,None,None,"2019-10-26 17:06:56.884 +00:00","2019-10-26 17:06:59.081 +00:00",335,2.0,335,Unkown,star,#0707D2,Unkown,,Gaming,58,47401,IN,"Makevention 2019"
336,None,None,"2019-10-26 17:07:55.229 +00:00","2019-10-26 17:07:57.686 +00:00",336,2.0,336,Unkown,triangle-up,#D30706,Unkown,Pre-Teen,Sports,59,47401,IN,"Makevention 2019"
337,None,None,"2019-10-26 17:08:49.611 +00:00","2019-10-26 17:08:52.152 +00:00",337,3.0,337,Unkown,cross,#D36E44,Unkown,Kid,Sports,55,47401,IN,"Makevention 2019"
341,None,None,"2019-10-26 17:12:46.416 +00:00","2019-10-26 17:12:49.107 +00:00",341,3.0,341,Unkown,triangle-up,#D30706,Unkown,Pre-Teen,Sports,58,47401,IN,"Makevention 2019"
342,None,None,"2019-10-26 17:13:23.875 +00:00","2019-10-26 17:13:26.291 +00:00",342,2.0,342,Unkown,square,#D36E44,Unkown,Kid,Sports,56,47401,IN,"Makevention 2019"
344,None,None,"2019-10-26 17:16:01.614 +00:00","2019-10-26 17:16:03.823 +00:00",344,2.0,344,Unkown,cross,#8E1BCE,Unkown,Pre-Teen,Gaming,75,47401,IN,"Makevention 2019"
348,None,None,"2019-10-26 17:19:01.925 +00:00","2019-10-26 17:19:04.394 +00:00",348,2.0,348,Unkown,star,#0707D2,Unkown,Kid,Gaming,58,47401,IN,"Makevention 2019"
349,None,None,"2019-10-26 17:19:57.445 +00:00","2019-10-26 17:20:00.704 +00:00",349,3.0,349,Unkown,triangle-up,#9B180F,Unkown,Kid,Gaming,44,47401,IN,"Makevention 2019"
350,None,None,"2019-10-26 17:20:44.576 +00:00","2019-10-26 17:20:48.734 +00:00",350,4.0,350,Unkown,diamond,#D30706,Unkown,Kid,Gaming,36,47401,IN,"Makevention 2019"
363,None,None,"2019-10-26 17:37:32.715 +00:00","2019-10-26 17:37:35.403 +00:00",363,3.0,363,Unkown,star,#55D4D2,Unkown,Kid,Art,56,47401,IN,"Makevention 2019"
364,None,None,"2019-10-26 17:38:33.539 +00:00","2019-10-26 17:38:36.888 +00:00",364,3.0,364,Unkown,diamond,#8E1BCE,Unkown,Kid,Art,58,47401,IN,"Makevention 2019"
365,None,None,"2019-10-26 17:39:48.907 +00:00","2019-10-26 17:39:51.657 +00:00",365,3.0,365,Unkown,diamond,#8E1BCE,Unkown,Kid,Art,58,47401,IN,"Makevention 2019"
366,None,None,"2019-10-26 17:40:35.046 +00:00","2019-10-26 17:40:37.878 +00:00",366,3.0,366,Unkown,star,#D372D2,Unkown,Pre-Teen,Art,62,47401,IN,"Makevention 2019"
378,None,None,"2019-10-26 18:05:39.426 +00:00","2019-10-26 18:05:53.787 +00:00",378,14.0,378,Unkown,diamond,#0707D2,Unkown,Kid,Sports,51,47401,IN,"Makevention 2019"
379,None,None,"2019-10-26 18:06:49.532 +00:00","2019-10-26 18:06:52.602 +00:00",379,3.0,379,Unkown,diamond,#0707D2,Unkown,Kid,Sports,49,47401,IN,"Makevention 2019"
380,None,None,"2019-10-26 18:09:53.168 +00:00","2019-10-26 18:09:55.287 +00:00",380,2.0,380,Unkown,star,#33820D,Unkown,Pre-Teen,Sports,63,47401,IN,"Makevention 2019"
389,None,None,"2019-10-26 18:29:30.750 +00:00","2019-10-26 18:29:34.083 +00:00",389,3.0,389,Unkown,diamond,#D39827,Unkown,Pre-Teen,Sports,51,47401,IN,"Makevention 2019"
390,None,None,"2019-10-26 18:31:22.437 +00:00","2019-10-26 18:31:25.039 +00:00",390,3.0,390,Unkown,cross,#55D4D2,Unkown,Kid,Sports,54,47401,IN,"Makevention 2019"
392,None,None,"2019-10-26 18:33:33.618 +00:00","2019-10-26 18:33:36.694 +00:00",392,3.0,392,Unkown,diamond,#0707D2,Unkown,Kid,Sports,50,47401,IN,"Makevention 2019"
393,None,None,"2019-10-26 18:34:31.939 +00:00","2019-10-26 18:34:34.608 +00:00",393,3.0,393,Unkown,star,#D36E44,Unkown,Kid,Sports,54,47401,IN,"Makevention 2019"
395,None,None,"2019-10-26 18:36:45.058 +00:00","2019-10-26 18:36:47.613 +00:00",395,3.0,395,Unkown,diamond,#0707D2,Unkown,Kid,Sports,58,47401,IN,"Makevention 2019"
396,None,None,"2019-10-26 18:37:49.354 +00:00","2019-10-26 18:37:52.669 +00:00",396,3.0,396,Unkown,diamond,#0707D2,Unkown,Kid,Sports,50,47401,IN,"Makevention 2019"
397,None,None,"2019-10-26 18:38:54.333 +00:00","2019-10-26 18:38:56.810 +00:00",397,2.0,397,Unkown,diamond,#0707D2,Unkown,Pre-Teen,Sports,58,47401,IN,"Makevention 2019"
398,None,None,"2019-10-26 18:40:17.086 +00:00","2019-10-26 18:40:20.120 +00:00",398,3.0,398,Unkown,diamond,#0707D2,Unkown,Kid,Gaming,48,47401,IN,"Makevention 2019"
399,None,None,"2019-10-26 18:41:23.953 +00:00","2019-10-26 18:41:27.665 +00:00",399,4.0,399,Unkown,star,#D3D406,Unkown,Kid,Gaming,48,47401,IN,"Makevention 2019"
400,None,None,"2019-10-26 18:42:23.877 +00:00","2019-10-26 18:42:27.876 +00:00",400,4.0,400,Unkown,diamond,#0707D2,Unkown,Kid,Sports,50,47401,IN,"Makevention 2019"
401,None,None,"2019-10-26 18:43:20.803 +00:00","2019-10-26 18:43:23.496 +00:00",401,3.0,401,Unkown,triangle-up,#9B180F,Unkown,Kid,Sports,48,47401,IN,"Makevention 2019"
402,None,None,"2019-10-26 18:44:21.576 +00:00","2019-10-26 18:44:24.636 +00:00",402,3.0,402,Unkown,star,#0707D2,Unkown,Kid,Sports,58,47401,IN,"Makevention 2019"
403,None,None,"2019-10-26 18:45:22.054 +00:00","2019-10-26 18:45:24.922 +00:00",403,3.0,403,Unkown,star,#D372D2,Unkown,Kid,Gaming,55,47401,IN,"Makevention 2019"
404,None,None,"2019-10-26 18:46:28.695 +00:00","2019-10-26 18:46:31.372 +00:00",404,3.0,404,Unkown,square,#33820D,Unkown,Kid,Sports,54,47401,IN,"Makevention 2019"
405,None,None,"2019-10-26 18:47:13.949 +00:00","2019-10-26 18:47:16.881 +00:00",405,3.0,405,Unkown,diamond,#D372D2,Unkown,Kid,Gaming,55,47401,IN,"Makevention 2019"
406,None,None,"2019-10-26 18:49:49.089 +00:00","2019-10-26 18:49:52.208 +00:00",406,3.0,406,Unkown,diamond,#0707D2,Unkown,Kid,Gaming,48,47401,IN,"Makevention 2019"
407,None,None,"2019-10-26 18:50:59.091 +00:00","2019-10-26 18:51:01.808 +00:00",407,3.0,407,Unkown,triangle-up,#33820D,Unkown,Pre-Teen,Sports,61,47401,IN,"Makevention 2019"
408,None,None,"2019-10-26 18:51:45.288 +00:00","2019-10-26 18:51:48.279 +00:00",408,3.0,408,Unkown,star,#0707D2,Unkown,Kid,Gaming,48,47401,IN,"Makevention 2019"
409,None,None,"2019-10-26 18:53:04.513 +00:00","2019-10-26 18:53:07.689 +00:00",409,3.0,409,Unkown,star,#0707D2,Unkown,Pre-Teen,Sports,60,47401,IN,"Makevention 2019"
410,None,None,"2019-10-26 18:54:01.619 +00:00","2019-10-26 18:54:03.516 +00:00",410,2.0,410,Unkown,diamond,#55D4D2,Unkown,Pre-Teen,Cooking,60,47401,IN,"Makevention 2019"
411,None,None,"2019-10-26 18:54:43.194 +00:00","2019-10-26 18:54:45.579 +00:00",411,2.0,411,Unkown,triangle-up,#D36E44,Unkown,Kid,Gaming,68,47401,IN,"Makevention 2019"
413,None,None,"2019-10-26 18:57:06.206 +00:00","2019-10-26 18:57:09.641 +00:00",413,3.0,413,Unkown,diamond,#0707D2,Unkown,Kid,Gaming,48,47401,IN,"Makevention 2019"
414,None,None,"2019-10-26 18:57:55.904 +00:00","2019-10-26 18:57:58.022 +00:00",414,2.0,414,Unkown,star,#33820D,Unkown,Pre-Teen,Sports,61,47401,IN,"Makevention 2019"
415,None,None,"2019-10-26 18:58:48.926 +00:00","2019-10-26 18:58:51.746 +00:00",415,3.0,415,Unkown,star,#0707D2,Unkown,Kid,Gaming,48,47401,IN,"Makevention 2019"
416,None,None,"2019-10-26 18:59:34.402 +00:00","2019-10-26 18:59:37.060 +00:00",416,3.0,416,Unkown,diamond,#8E1BCE,Unkown,,Sports,52,47401,IN,"Makevention 2019"
417,None,None,"2019-10-26 19:00:19.547 +00:00","2019-10-26 19:00:21.926 +00:00",417,2.0,417,Unkown,triangle-up,#D39827,Unkown,Kid,Sports,54,47401,IN,"Makevention 2019"
418,None,None,"2019-10-26 19:01:09.983 +00:00","2019-10-26 19:01:12.265 +00:00",418,2.0,418,Unkown,cross,#D372D2,Unkown,Kid,Sports,,47401,IN,"Makevention 2019"
419,None,None,"2019-10-26 19:01:53.561 +00:00","2019-10-26 19:01:55.736 +00:00",419,2.0,419,Unkown,square,#0707D2,Unkown,Kid,Sports,54,47401,IN,"Makevention 2019"
381,None,None,"2019-10-26 18:14:08.890 +00:00","2019-10-26 18:14:11.865 +00:00",381,3.0,381,Unkown,star,#D30706,Unkown,Kid,Sports,60,47402,IN,"Makevention 2019"
181,None,None,"2019-08-24 19:51:18.576 +00:00","2019-08-24 19:51:20.229 +00:00",181,2.0,181,Unkown,triangle-up,#0707D2,Unkown,Adult,Gaming,70,47403,IN,"Makevention 2019"
193,None,None,"2019-10-26 13:51:32.405 +00:00","2019-10-26 13:51:40.361 +00:00",193,8.0,193,Unkown,cross,#0707D2,Unkown,Adult,Other,71,47403,IN,"Makevention 2019"
194,None,None,"2019-10-26 13:53:31.629 +00:00","2019-10-26 13:53:33.959 +00:00",194,2.0,194,Unkown,cross,#33820D,Unkown,Adult,Other,71,47403,IN,"Makevention 2019"
196,None,None,"2019-10-26 14:12:13.810 +00:00","2019-10-26 14:12:17.557 +00:00",196,4.0,196,Unkown,square,#0707D2,Unkown,Adult,Gaming,69,47403,IN,"Makevention 2019"
199,None,None,"2019-10-26 14:15:26.855 +00:00","2019-10-26 14:15:30.382 +00:00",199,4.0,199,Unkown,diamond,#D36E44,Unkown,Adult,Cooking,64,47403,IN,"Makevention 2019"
201,None,None,"2019-10-26 14:18:03.629 +00:00","2019-10-26 14:18:07.659 +00:00",201,4.0,201,Unkown,star,#D372D2,Unkown,Adult,Other,69,47403,IN,"Makevention 2019"
210,None,None,"2019-10-26 14:29:03.774 +00:00","2019-10-26 14:29:06.674 +00:00",210,3.0,210,Unkown,star,#0707D2,Unkown,Kid,Other,55,47403,IN,"Makevention 2019"
211,None,None,"2019-10-26 14:30:04.791 +00:00","2019-10-26 14:30:07.567 +00:00",211,3.0,211,Unkown,cross,#D30706,Unkown,Pre-Teen,Gaming,58,47403,IN,"Makevention 2019"
212,None,None,"2019-10-26 14:31:12.786 +00:00","2019-10-26 14:31:16.334 +00:00",212,4.0,212,Unkown,star,#D3D406,Unkown,Adult,Sports,64,47403,IN,"Makevention 2019"
237,None,None,"2019-10-26 15:03:54.250 +00:00","2019-10-26 15:04:09.401 +00:00",237,15.0,237,Unkown,diamond,#33820D,Unkown,Pre-Teen,Art,58,47403,IN,"Makevention 2019"
238,None,None,"2019-10-26 15:05:31.018 +00:00","2019-10-26 15:05:34.316 +00:00",238,3.0,238,Unkown,star,#8E1BCE,Unkown,,Gaming,54,47403,IN,"Makevention 2019"
290,None,None,"2019-10-26 16:05:46.660 +00:00","2019-10-26 16:05:50.636 +00:00",290,4.0,290,Unkown,star,#8E1BCE,Unkown,Kid,Art,51,47403,IN,"Makevention 2019"
291,None,None,"2019-10-26 16:07:15.611 +00:00","2019-10-26 16:07:19.601 +00:00",291,4.0,291,Unkown,cross,#8E1BCE,Unkown,Kid,Art,51,47403,IN,"Makevention 2019"
343,None,None,"2019-10-26 17:14:38.846 +00:00","2019-10-26 17:14:41.053 +00:00",343,2.0,343,Unkown,star,#0707D2,Unkown,Pre-Teen,,54,47403,IN,"Makevention 2019"
345,None,None,"2019-10-26 17:16:51.796 +00:00","2019-10-26 17:16:54.074 +00:00",345,2.0,345,Unkown,cross,#9B180F,Unkown,Pre-Teen,Gaming,69,47403,IN,"Makevention 2019"
347,None,None,"2019-10-26 17:18:16.958 +00:00","2019-10-26 17:18:18.792 +00:00",347,2.0,347,Unkown,diamond,#8E1BCE,Unkown,Teen,Gaming,69,47403,IN,"Makevention 2019"
353,None,None,"2019-10-26 17:23:34.882 +00:00","2019-10-26 17:23:37.545 +00:00",353,3.0,353,Unkown,cross,#55D4D2,Unkown,Kid,Gaming,59,47403,IN,"Makevention 2019"
356,None,None,"2019-10-26 17:29:07.727 +00:00","2019-10-26 17:29:10.547 +00:00",356,3.0,356,Unkown,square,#D30706,Unkown,Pre-Teen,Cooking,63,47403,IN,"Makevention 2019"
357,None,None,"2019-10-26 17:30:09.721 +00:00","2019-10-26 17:30:17.536 +00:00",357,8.0,357,Unkown,cross,#D30706,Unkown,,Other,57,47403,IN,"Makevention 2019"
358,None,None,"2019-10-26 17:31:18.687 +00:00","2019-10-26 17:31:21.783 +00:00",358,3.0,358,Unkown,cross,#D30706,Unkown,Pre-Teen,Other,57,47403,IN,"Makevention 2019"
359,None,None,"2019-10-26 17:32:35.055 +00:00","2019-10-26 17:32:38.192 +00:00",359,3.0,359,Unkown,diamond,#D3D406,Unkown,Adult,Cooking,70,47403,IN,"Makevention 2019"
360,None,None,"2019-10-26 17:33:23.879 +00:00","2019-10-26 17:33:26.358 +00:00",360,2.0,360,Unkown,star,#55D4D2,Unkown,Pre-Teen,Gaming,60,47403,IN,"Makevention 2019"
372,None,None,"2019-10-26 17:55:39.030 +00:00","2019-10-26 17:55:43.300 +00:00",372,4.0,372,Unkown,star,#D372D2,Unkown,Kid,Art,48,47403,IN,"Makevention 2019"
373,None,None,"2019-10-26 17:56:42.060 +00:00","2019-10-26 17:56:44.920 +00:00",373,3.0,373,Unkown,cross,#D30706,Unkown,Kid,Gaming,57,47403,IN,"Makevention 2019"
375,None,None,"2019-10-26 17:59:16.450 +00:00","2019-10-26 17:59:19.390 +00:00",375,3.0,375,Unkown,triangle-up,#D3D406,Unkown,Retired,Other,89,47403,IN,"Makevention 2019"
376,None,None,"2019-10-26 18:01:21.155 +00:00","2019-10-26 18:01:21.176 +00:00",376,0.0,376,Unkown,cross,#8E1BCE,Unkown,Kid,Cooking,48,47403,IN,"Makevention 2019"
44,None,None,"2019-08-22 18:13:39.111 +00:00","2019-08-22 18:13:39.489 +00:00",44,0.0,44,Unkown,cross,#0707D2,Unkown,Adult,Sports,72,47404,IN,"Makevention 2019"
68,None,None,"2019-08-24 15:07:57.181 +00:00","2019-08-24 15:08:00.569 +00:00",68,3.0,68,Unkown,triangle-up,#0707D2,Unkown,Adult,Cooking,72,47404,IN,"Makevention 2019"
72,None,None,"2019-08-24 15:20:33.696 +00:00","2019-08-24 15:20:34.935 +00:00",72,1.0,72,Unkown,cross,#0707D2,Unkown,Adult,Sports,72,47404,IN,"Makevention 2019"
147,None,None,"2019-08-24 18:25:32.254 +00:00","2019-08-24 18:25:33.980 +00:00",147,2.0,147,Unkown,diamond,#D372D2,Unkown,Adult,Art,65,47404,IN,"Makevention 2019"
261,None,None,"2019-10-26 15:32:13.864 +00:00","2019-10-26 15:32:16.909 +00:00",261,3.0,261,Unkown,star,#0707D2,Unkown,Kid,Sports,50,47404,IN,"Makevention 2019"
346,None,None,"2019-10-26 17:17:33.698 +00:00","2019-10-26 17:17:35.803 +00:00",346,2.0,346,Unkown,diamond,#8E1BCE,Unkown,Teen,Sports,70,47404,IN,"Makevention 2019"
374,None,None,"2019-10-26 17:58:15.588 +00:00","2019-10-26 17:58:19.300 +00:00",374,4.0,374,Unkown,diamond,#55D4D2,Unkown,Kid,Cooking,48,47405,IN,"Makevention 2019"
32,None,None,"2019-08-21 15:39:49.015 +00:00",,32,,32,Unkown,star,#33820D,Unkown,Adult,Cooking,64,47408,IN,"Makevention 2019"
33,None,None,"2019-08-21 15:41:36.288 +00:00","2019-08-21 15:41:38.362 +00:00",33,2.0,33,Unkown,star,#33820D,Unkown,Adult,Cooking,53,47408,IN,"Makevention 2019"
70,None,None,"2019-08-24 15:17:06.145 +00:00","2019-08-24 15:17:08.339 +00:00",70,2.0,70,Unkown,star,#D372D2,Unkown,Kid,Art,50,47408,IN,"Makevention 2019"
93,None,None,"2019-08-24 16:12:28.202 +00:00","2019-08-24 16:12:28.441 +00:00",93,0.0,93,Unkown,triangle-up,#33820D,Unkown,Kid,Other,54,47408,IN,"Makevention 2019"
134,None,None,"2019-08-24 18:01:25.127 +00:00","2019-08-24 18:01:28.547 +00:00",134,3.0,134,Unkown,star,#33820D,Unkown,Kid,Sports,,47408,IN,"Makevention 2019"
135,None,None,"2019-08-24 18:02:29.020 +00:00","2019-08-24 18:02:37.558 +00:00",135,9.0,135,Unkown,star,#D30706,Unkown,Adult,Sports,,47408,IN,"Makevention 2019"
136,None,None,"2019-08-24 18:04:52.645 +00:00","2019-08-24 18:04:55.426 +00:00",136,3.0,136,Unkown,star,#D30706,Unkown,Adult,,54,47408,IN,"Makevention 2019"
186,None,None,"2019-10-26 13:17:00.844 +00:00","2019-10-26 13:17:03.793 +00:00",186,3.0,186,Unkown,cross,#33820D,Unkown,Adult,Art,68,47408,IN,"Makevention 2019"
192,None,None,"2019-10-26 13:49:22.563 +00:00","2019-10-26 13:49:25.662 +00:00",192,3.0,192,Unkown,cross,#33820D,Unkown,Adult,Art,68,47408,IN,"Makevention 2019"
216,None,None,"2019-10-26 14:37:07.702 +00:00","2019-10-26 14:37:10.637 +00:00",216,3.0,216,Unkown,triangle-up,#9B180F,Unkown,Pre-Teen,Sports,57,47408,IN,"Makevention 2019"
217,None,None,"2019-10-26 14:38:13.314 +00:00","2019-10-26 14:38:16.112 +00:00",217,3.0,217,Unkown,star,#55D4D2,Unkown,Kid,Sports,52,47408,IN,"Makevention 2019"
218,None,None,"2019-10-26 14:39:23.290 +00:00","2019-10-26 14:39:26.298 +00:00",218,3.0,218,Unkown,star,#D372D2,Unkown,Kid,Cooking,52,47408,IN,"Makevention 2019"
219,None,None,"2019-10-26 14:40:34.526 +00:00","2019-10-26 14:40:42.213 +00:00",219,8.0,219,Unkown,star,#D372D2,Unkown,Kid,Cooking,46,47408,IN,"Makevention 2019"
220,None,None,"2019-10-26 14:41:30.915 +00:00","2019-10-26 14:41:43.757 +00:00",220,13.0,220,Unkown,star,#D372D2,Unkown,Kid,Cooking,46,47408,IN,"Makevention 2019"
221,None,None,"2019-10-26 14:42:45.075 +00:00","2019-10-26 14:42:47.643 +00:00",221,3.0,221,Unkown,triangle-up,#9B180F,Unkown,Pre-Teen,Sports,57,47408,IN,"Makevention 2019"
222,None,None,"2019-10-26 14:43:32.558 +00:00","2019-10-26 14:43:35.146 +00:00",222,3.0,222,Unkown,star,#55D4D2,Unkown,Kid,Sports,,47408,IN,"Makevention 2019"
223,None,None,"2019-10-26 14:44:31.379 +00:00","2019-10-26 14:44:35.419 +00:00",223,4.0,223,Unkown,diamond,#0707D2,Unkown,Adult,Sports,69,47408,IN,"Makevention 2019"
224,None,None,"2019-10-26 14:45:29.967 +00:00","2019-10-26 14:45:32.374 +00:00",224,2.0,224,Unkown,triangle-up,#9B180F,Unkown,Pre-Teen,Sports,57,47408,IN,"Makevention 2019"
309,None,None,"2019-10-26 16:35:57.829 +00:00","2019-10-26 16:36:01.460 +00:00",309,4.0,309,Unkown,diamond,#D39827,Unkown,Kid,Art,52,47408,IN,"Makevention 2019"
319,None,None,"2019-10-26 16:53:14.228 +00:00","2019-10-26 16:53:27.892 +00:00",319,14.0,319,Unkown,square,#D3D406,Unkown,Pre-Teen,Cooking,59,47408,IN,"Makevention 2019"
338,None,None,"2019-10-26 17:10:18.637 +00:00","2019-10-26 17:10:21.026 +00:00",338,2.0,338,Unkown,cross,#0707D2,Unkown,Kid,Sports,55,47408,IN,"Makevention 2019"
339,None,None,"2019-10-26 17:11:08.612 +00:00","2019-10-26 17:11:17.592 +00:00",339,9.0,339,Unkown,star,#D30706,Unkown,Kid,Sports,56,47408,IN,"Makevention 2019"
340,None,None,"2019-10-26 17:11:58.333 +00:00","2019-10-26 17:12:00.266 +00:00",340,2.0,340,Unkown,star,#D30706,Unkown,Kid,Sports,56,47408,IN,"Makevention 2019"
351,None,None,"2019-10-26 17:21:25.999 +00:00","2019-10-26 17:21:28.528 +00:00",351,3.0,351,Unkown,star,#D30706,Unkown,,Gaming,55,47408,IN,"Makevention 2019"
352,None,None,"2019-10-26 17:22:26.394 +00:00","2019-10-26 17:22:29.340 +00:00",352,3.0,352,Unkown,star,#0707D2,Unkown,Kid,Gaming,60,47408,IN,"Makevention 2019"
354,None,None,"2019-10-26 17:26:55.713 +00:00","2019-10-26 17:26:58.351 +00:00",354,3.0,354,Unkown,star,#D30706,Unkown,Kid,Sports,56,47408,IN,"Makevention 2019"
355,None,None,"2019-10-26 17:27:39.824 +00:00","2019-10-26 17:27:42.256 +00:00",355,2.0,355,Unkown,star,#0707D2,Unkown,Kid,Sports,55,47408,IN,"Makevention 2019"
382,None,None,"2019-10-26 18:19:07.587 +00:00","2019-10-26 18:19:13.006 +00:00",382,5.0,382,Unkown,star,#8E1BCE,Unkown,Kid,Cooking,47,47408,IN,"Makevention 2019"
383,None,None,"2019-10-26 18:20:11.078 +00:00","2019-10-26 18:20:14.341 +00:00",383,3.0,383,Unkown,diamond,#D30706,Unkown,Kid,Gaming,54,47408,IN,"Makevention 2019"
384,None,None,"2019-10-26 18:21:27.806 +00:00","2019-10-26 18:21:32.025 +00:00",384,4.0,384,Unkown,star,#8E1BCE,Unkown,Kid,Art,47,47408,IN,"Makevention 2019"
385,None,None,"2019-10-26 18:22:06.566 +00:00","2019-10-26 18:22:09.256 +00:00",385,3.0,385,Unkown,diamond,#D30706,Unkown,,Gaming,54,47408,IN,"Makevention 2019"
391,None,None,"2019-10-26 18:32:30.747 +00:00","2019-10-26 18:32:33.317 +00:00",391,3.0,391,Unkown,diamond,#0707D2,Unkown,Adult,Sports,66,47408,IN,"Makevention 2019"
394,None,None,"2019-10-26 18:35:22.537 +00:00","2019-10-26 18:35:24.484 +00:00",394,2.0,394,Unkown,cross,#8E1BCE,Unkown,Adult,Sports,66,47408,IN,"Makevention 2019"
412,None,None,"2019-10-26 18:56:10.915 +00:00","2019-10-26 18:56:13.675 +00:00",412,3.0,412,Unkown,star,#55D4D2,Unkown,Kid,Gaming,60,47408,IN,"Makevention 2019"
82,None,None,"2019-08-24 15:45:55.912 +00:00","2019-08-24 15:45:57.638 +00:00",82,2.0,82,Unkown,triangle-up,#33820D,Unkown,Pre-Teen,Art,55,47421,IN,"Makevention 2019"
83,None,None,"2019-08-24 15:46:37.311 +00:00","2019-08-24 15:46:38.133 +00:00",83,1.0,83,Unkown,cross,#D30706,Unkown,Pre-Teen,Gaming,56,47421,IN,"Makevention 2019"
248,None,None,"2019-10-26 15:18:28.691 +00:00","2019-10-26 15:18:31.066 +00:00",248,2.0,248,Unkown,cross,#33820D,Unkown,Pre-Teen,Other,58,47421,IN,"Makevention 2019"
249,None,None,"2019-10-26 15:19:09.000 +00:00","2019-10-26 15:19:11.311 +00:00",249,2.0,249,Unkown,cross,#33820D,Unkown,Pre-Teen,Other,58,47421,IN,"Makevention 2019"
251,None,None,"2019-10-26 15:21:36.477 +00:00","2019-10-26 15:21:39.588 +00:00",251,3.0,251,Unkown,star,#D30706,Unkown,Pre-Teen,Gaming,52,47421,IN,"Makevention 2019"
252,None,None,"2019-10-26 15:22:22.608 +00:00","2019-10-26 15:22:25.080 +00:00",252,2.0,252,Unkown,cross,#33820D,Unkown,Pre-Teen,Other,58,47421,IN,"Makevention 2019"
253,None,None,"2019-10-26 15:24:37.650 +00:00","2019-10-26 15:24:40.430 +00:00",253,3.0,253,Unkown,diamond,#D39827,Unkown,Pre-Teen,Gaming,52,47421,IN,"Makevention 2019"
254,None,None,"2019-10-26 15:25:43.892 +00:00","2019-10-26 15:25:46.398 +00:00",254,3.0,254,Unkown,cross,#D30706,Unkown,Pre-Teen,Sports,60,47421,IN,"Makevention 2019"
255,None,None,"2019-10-26 15:26:23.113 +00:00","2019-10-26 15:26:25.384 +00:00",255,2.0,255,Unkown,cross,#33820D,Unkown,Pre-Teen,Other,58,47421,IN,"Makevention 2019"
256,None,None,"2019-10-26 15:27:08.897 +00:00","2019-10-26 15:27:11.209 +00:00",256,2.0,256,Unkown,cross,#D30706,Unkown,Pre-Teen,Sports,60,47421,IN,"Makevention 2019"
46,None,None,"2019-08-23 02:48:52.513 +00:00",,46,,46,Unkown,cross,#9B180F,Unkown,Adult,Sports,45,47424,IN,"Makevention 2019"
386,None,None,"2019-10-26 18:25:31.255 +00:00","2019-10-26 18:25:34.129 +00:00",386,3.0,386,Unkown,star,#D39827,Unkown,Pre-Teen,Gaming,60,47429,IN,"Makevention 2019"
387,None,None,"2019-10-26 18:26:32.362 +00:00","2019-10-26 18:26:49.848 +00:00",387,17.0,387,Unkown,diamond,#8E1BCE,Unkown,Pre-Teen,Other,70,47429,IN,"Makevention 2019"
388,None,None,"2019-10-26 18:27:32.502 +00:00","2019-10-26 18:27:48.857 +00:00",388,16.0,388,Unkown,diamond,#8E1BCE,Unkown,Pre-Teen,Other,70,47429,IN,"Makevention 2019"
94,None,None,"2019-08-24 16:27:09.842 +00:00","2019-08-24 16:27:10.431 +00:00",94,1.0,94,Unkown,star,#8E1BCE,Unkown,Kid,Sports,47,47432,IN,"Makevention 2019"
95,None,None,"2019-08-24 16:28:09.353 +00:00","2019-08-24 16:28:10.700 +00:00",95,1.0,95,Unkown,diamond,#D372D2,Unkown,Kid,Art,41,47432,IN,"Makevention 2019"
114,None,None,"2019-08-24 17:29:57.035 +00:00","2019-08-24 17:29:58.647 +00:00",114,2.0,114,Unkown,triangle-up,#D30706,Unkown,Kid,Sports,44,47432,IN,"Makevention 2019"
115,None,None,"2019-08-24 17:30:52.051 +00:00","2019-08-24 17:30:53.157 +00:00",115,1.0,115,Unkown,star,#8E1BCE,Unkown,Teen,,91,47432,IN,"Makevention 2019"
116,None,None,"2019-08-24 17:31:39.997 +00:00","2019-08-24 17:31:41.338 +00:00",116,1.0,116,Unkown,diamond,#55D4D2,Unkown,Pre-Teen,Art,60,47432,IN,"Makevention 2019"
117,None,None,"2019-08-24 17:32:42.023 +00:00","2019-08-24 17:32:44.322 +00:00",117,2.0,117,Unkown,star,#55D4D2,Unkown,Kid,,43,47432,IN,"Makevention 2019"
119,None,None,"2019-08-24 17:34:43.001 +00:00","2019-08-24 17:34:44.368 +00:00",119,1.0,119,Unkown,triangle-up,#0707D2,Unkown,Kid,Sports,51,47432,IN,"Makevention 2019"
120,None,None,"2019-08-24 17:35:26.254 +00:00","2019-08-24 17:35:27.418 +00:00",120,1.0,120,Unkown,square,#D30706,Unkown,Kid,Sports,48,47432,IN,"Makevention 2019"
121,None,None,"2019-08-24 17:36:38.622 +00:00","2019-08-24 17:36:40.197 +00:00",121,2.0,121,Unkown,diamond,#D372D2,Unkown,Kid,Sports,45,47432,IN,"Makevention 2019"
122,None,None,"2019-08-24 17:37:25.030 +00:00","2019-08-24 17:37:25.827 +00:00",122,1.0,122,Unkown,cross,#0707D2,Unkown,Kid,Sports,47,47432,IN,"Makevention 2019"
367,None,None,"2019-10-26 17:47:46.885 +00:00","2019-10-26 17:47:50.677 +00:00",367,4.0,367,Unkown,cross,#0707D2,Unkown,Kid,Sports,50,47433,IN,"Makevention 2019"
368,None,None,"2019-10-26 17:49:14.029 +00:00","2019-10-26 17:49:17.707 +00:00",368,4.0,368,Unkown,star,#33820D,Unkown,Adult,Other,66,47433,IN,"Makevention 2019"
369,None,None,"2019-10-26 17:50:40.331 +00:00","2019-10-26 17:50:43.238 +00:00",369,3.0,369,Unkown,square,#0707D2,Unkown,Kid,Gaming,50,47433,IN,"Makevention 2019"
118,None,None,"2019-08-24 17:33:53.513 +00:00","2019-08-24 17:33:53.803 +00:00",118,0.0,118,Unkown,cross,#8E1BCE,Unkown,Kid,Sports,41,47437,IN,"Makevention 2019"
370,None,None,"2019-10-26 17:52:52.913 +00:00","2019-10-26 17:52:55.733 +00:00",370,3.0,370,Unkown,diamond,#8E1BCE,Unkown,Kid,Art,50,47455,IN,"Makevention 2019"
81,None,None,"2019-08-24 15:44:34.100 +00:00","2019-08-24 15:44:35.933 +00:00",81,2.0,81,Unkown,star,#0707D2,Unkown,Pre-Teen,Cooking,54,47459,IN,"Makevention 2019"
111,None,None,"2019-08-24 17:24:18.049 +00:00","2019-08-24 17:24:24.341 +00:00",111,6.0,111,Unkown,cross,#D30706,Unkown,Pre-Teen,Gaming,46,47460,IN,"Makevention 2019"
112,None,None,"2019-08-24 17:26:29.302 +00:00","2019-08-24 17:26:30.806 +00:00",112,2.0,112,Unkown,cross,#D30706,Unkown,Pre-Teen,Gaming,45,47460,IN,"Makevention 2019"
289,None,None,"2019-10-26 16:04:21.872 +00:00","2019-10-26 16:04:23.813 +00:00",289,2.0,289,Unkown,cross,#9B180F,Unkown,Teen,Sports,62,47529,IN,"Makevention 2019"
165,None,None,"2019-08-24 18:42:59.203 +00:00","2019-08-24 18:43:00.332 +00:00",165,1.0,165,Unkown,triangle-up,#D30706,Unkown,Adult,Art,68,47720,IN,"Makevention 2019"
40,None,None,"2019-08-22 17:31:42.650 +00:00","2019-08-22 17:31:45.581 +00:00",40,3.0,40,Unkown,square,#8E1BCE,Unkown,Adult,Art,72,47906,IN,"Makevention 2019"
317,None,None,"2019-10-26 16:51:09.154 +00:00","2019-10-26 16:51:11.977 +00:00",317,3.0,317,Unkown,cross,#0707D2,Unkown,Kid,Sports,50,47923,IN,"Makevention 2019"
318,None,None,"2019-10-26 16:52:17.737 +00:00","2019-10-26 16:52:20.797 +00:00",318,3.0,318,Unkown,square,#0707D2,Unkown,Kid,Other,58,47923,IN,"Makevention 2019"
321,None,None,"2019-10-26 16:55:00.759 +00:00","2019-10-26 16:55:03.330 +00:00",321,3.0,321,Unkown,square,#55D4D2,Unkown,,Sports,58,47923,IN,"Makevention 2019"
323,None,None,"2019-10-26 16:56:40.831 +00:00","2019-10-26 16:56:42.968 +00:00",323,2.0,323,Unkown,triangle-up,#0707D2,Unkown,Adult,Sports,72,47923,IN,"Makevention 2019"
1,None,None,"2019-08-13 17:07:38.875 +00:00","2019-08-13 17:07:40.375 +00:00",1,1.0,1,Unkown,diamond,#D36E44,Unkown,Adult,Cooking,58,55104,MN,"Makevention 2019"
2,None,None,"2019-08-13 17:09:29.764 +00:00","2019-08-13 17:09:31.125 +00:00",2,1.0,2,Unkown,triangle-up,#D372D2,Unkown,Pre-Teen,Cooking,45,55104,MN,"Makevention 2019"
4,None,None,"2019-08-13 17:15:45.009 +00:00","2019-08-13 17:15:49.984 +00:00",4,5.0,4,Unkown,cross,#0707D2,Unkown,Pre-Teen,Cooking,48,55104,MN,"Makevention 2019"
3,None,None,"2019-08-13 17:13:21.488 +00:00","2019-08-13 17:13:22.764 +00:00",3,1.0,3,Unkown,diamond,#33820D,Unkown,Pre-Teen,Cooking,56,55105,MN,"Makevention 2019"
6,None,None,"2019-08-13 17:34:48.110 +00:00","2019-08-13 17:34:53.239 +00:00",6,5.0,6,Unkown,cross,#0707D2,Unkown,Pre-Teen,Cooking,48,55105,MN,"Makevention 2019"
5,None,None,"2019-08-13 17:26:15.828 +00:00","2019-08-13 17:26:19.207 +00:00",5,3.0,5,Unkown,diamond,#D3D406,Unkown,Pre-Teen,Cooking,47,55106,MN,"Makevention 2019"
377,None,None,"2019-10-26 18:02:13.969 +00:00","2019-10-26 18:02:21.595 +00:00",377,8.0,377,Unkown,diamond,#D372D2,Unkown,Retired,Cooking,96,72639,AR,"Makevention 2019"
176,None,None,"2019-08-24 19:44:05.080 +00:00",,176,,176,Unkown,cross,#9B180F,Unkown,Adult,Cooking,59,99205,WA,"Makevention 2019"
177,None,None,"2019-08-24 19:45:21.808 +00:00","2019-08-24 19:45:23.721 +00:00",177,2.0,177,Unkown,cross,#9B180F,Unkown,Adult,Cooking,59,99205,WA,"Makevention 2019"
